{
  "display": {
    "icon": {
      "item": "minecraft:elytra",
      "nbt": "{CustomModelData:537296}"
    },
    "title": "Fly saferly",
    "description": "Craft yourself netherite elytra to fly safer than nether",
    "frame": "challenge",
    "show_toast": true,
    "announce_to_chat": true,
    "hidden": false
  },
  "parent": "minecraft:nether/netherite_armor",
  "criteria": {
    "requirement": {
      "trigger": "minecraft:inventory_changed",
      "conditions": {
        "items": [
          {
            "items": [
              "minecraft:elytra"
            ],
            "nbt": "{CustomModelData:537296}"
          }
        ]
      }
    }
  },
  "rewards": {
    "experience": 20
  }
}
