{
	"type": "minecraft:block",
	"pools": [
		{
			"bonus_rolls": 0.0,
			"entries": [
				{
					"type": "minecraft:alternatives",
					"children": [
						{
							"type": "minecraft:item",
							"conditions": [
								{
									"condition": "minecraft:match_tool",
									"predicate": {
										"enchantments": [
											{
												"enchantment": "minecraft:silk_touch",
												"levels": {
													"min": 1
												}
											}
										]
									}
								}
							],
							"name": "minecraft:farmland"
						},
						{
							"type": "minecraft:item",
							"conditions": [
								{
									"condition": "minecraft:survives_explosion"
								}
							],
							"name": "minecraft:dirt"
						}
					]
				}
			],
			"rolls": 1.0
		}
	]
}