{
	"criteria": {
		"craft": {
			"trigger": "minecraft:recipe_unlocked",
			"conditions": {
				"recipe": "smithed.crafter:table",
				"player": [
					{
						"condition": "minecraft:value_check",
						"value": {
							"type": "minecraft:score",
							"target": {
								"type": "minecraft:fixed",
								"name": "#smithed.crafter.major"
							},
							"score": "load.status"
						},
						"range": 0
					},
					{
						"condition": "minecraft:value_check",
						"value": {
							"type": "minecraft:score",
							"target": {
								"type": "minecraft:fixed",
								"name": "#smithed.crafter.minor"
							},
							"score": "load.status"
						},
						"range": 1
					},
					{
						"condition": "minecraft:value_check",
						"value": {
							"type": "minecraft:score",
							"target": {
								"type": "minecraft:fixed",
								"name": "#smithed.crafter.patch"
							},
							"score": "load.status"
						},
						"range": 0
					}
				]
			}
		}
	},
	"rewards": {
		"function": "smithed.crafter:zint/technical/craft_table",
		"loot": [
			"smithed.crafter:blocks/table"
		]
	}
}