{
	"criteria": {
		"click_paleontology_table": {
			"trigger": "minecraft:item_used_on_block",
			"conditions": {
				"location": {
					"block": {
						"blocks": [
							"minecraft:barrel"
						]
					}
				},
				"player": [
					{
						"condition": "minecraft:value_check",
						"value": {
							"type": "minecraft:score",
							"target": {
								"type": "minecraft:fixed",
								"name": "#smithed.crafter.major"
							},
							"score": "load.status"
						},
						"range": 0
					},
					{
						"condition": "minecraft:value_check",
						"value": {
							"type": "minecraft:score",
							"target": {
								"type": "minecraft:fixed",
								"name": "#smithed.crafter.minor"
							},
							"score": "load.status"
						},
						"range": 1
					},
					{
						"condition": "minecraft:value_check",
						"value": {
							"type": "minecraft:score",
							"target": {
								"type": "minecraft:fixed",
								"name": "#smithed.crafter.patch"
							},
							"score": "load.status"
						},
						"range": 0
					}
				]
			}
		}
	},
	"rewards": {
		"function": "smithed.crafter:zint/technical/enter_gui"
	}
}