{
  "criteria": {
    "piglins": {
      "trigger": "minecraft:inventory_changed",
      "conditions": {
        "player": [
          {
            "condition": "inverted",
            "term": {
              "condition": "minecraft:entity_properties",
              "entity": "this",
              "predicate": {
                "equipment": {
                  "chest": {
                    "nbt": "{Tags:[\"piglin\"]}"
                  }
                }
              }
            }
          }
        ]
      }
    }
  },
  "rewards": {
    "function": "elytrarmor:action/power/piglin_remove"
  }
}
